Age_band_of_driver,Sex_of_driver,Educational_level,Vehicle_driver_relation,Driving_experience,Lanes_or_Medians,Types_of_Junction,Road_surface_type,Light_conditions,Weather_conditions,Type_of_collision,Vehicle_movement,Pedestrian_movement,Cause_of_accident,Accident_severity
Over 51,Male,Elementary school,Employee,Above 10yr,other,No junction,Asphalt roads,Daylight,Clear,Vehicle with vehicle collision,Going straight,Not a Pedestrian,Drunk driving,0
Over 51,Male,Junior high school,Employee,Above 10yr,Undivided Two way,Crossing,Asphalt roads,Darkness - lights lit,Foggy,Vehicle with vehicle collision,Going straight,Not a Pedestrian,Brake failure,1
31-50,Male,Junior high school,Employee,Above 10yr,other,Y Shape,Asphalt roads,Dawn,Clear,Vehicle with vehicle collision,Turnover,Not a Pedestrian,Sudden lane change,2
18-30,Male,Elementary school,Employee,1-2yr,Undivided Two way,Y Shape,Asphalt roads,Darkness - no lights,Clear,Vehicle with vehicle collision,Moving Backward,Not a Pedestrian,Pedestrian jaywalking,2
18-30,Male,Junior high school,Employee,2-5yr,One way,Y Shape,Asphalt roads,Darkness - no lights,Rainy,Vehicle with vehicle collision,Other,Not a Pedestrian,Overtaking,2
31-50,Male,High school,Employee,Above 10yr,Undivided Two way,No junction,Asphalt roads,Daylight,Clear,Vehicle with vehicle collision,Going straight,Not a Pedestrian,Distraction,0
18-30,Male,Junior high school,Employee,2-5yr,Undivided Two way,Y Shape,Asphalt roads,Dusk,Clear,Vehicle with vehicle collision,Going straight,Not a Pedestrian,Pedestrian jaywalking,0
18-30,Female,Elementary school,Employee,1-2yr,Undivided Two way,Y Shape,Asphalt roads,Dusk,Rainy,Collision with roadside objects,Going straight,Not a Pedestrian,Distraction,2
31-50,Male,Junior high school,Employee,5-10yr,Two-way (divided with broken lines road marking),T Shape,Asphalt roads,Daylight,Clear,Vehicle with vehicle collision,Going straight,Not a Pedestrian,Brake failure,1
18-30,Female,Junior high school,Employee,2-5yr,other,Y Shape,Asphalt roads,Daylight,Rainy,Vehicle with vehicle collision,Going straight,Not a Pedestrian,Poor road conditions,2
18-30,Male,Junior high school,Employee,2-5yr,One way,Other,Asphalt roads,Darkness - lights lit,Clear,Rollover,Going straight,Not a Pedestrian,Running red light,0
18-30,Male,Above high school,Employee,2-5yr,One way,No junction,Asphalt roads,Daylight,Clear,Vehicle with vehicle collision,Going straight,Not a Pedestrian,Overtaking,2
18-30,Male,Junior high school,Employee,1-2yr,other,Y Shape,Asphalt roads,Darkness - no lights,Clear,Vehicle with vehicle collision,Going straight,Not a Pedestrian,Drunk driving,0
31-50,Male,Elementary school,Employee,Above 10yr,other,No junction,Asphalt roads,Daylight,Foggy,Vehicle with vehicle collision,Entering a junction,Not a Pedestrian,Brake failure,0
31-50,Male,Junior high school,Employee,Above 10yr,Undivided Two way,Y Shape,Asphalt roads,Darkness - lights lit,Rainy,Vehicle with vehicle collision,Going straight,Not a Pedestrian,Running red light,2
Under 18,Male,Junior high school,Employee,Above 10yr,other,No junction,Earth roads,Daylight,Clear,Vehicle with vehicle collision,Overtaking,Not a Pedestrian,Brake failure,0
Over 51,Male,Elementary school,Owner,5-10yr,Undivided Two way,Y Shape,Asphalt roads,Daylight,Clear,Vehicle with vehicle collision,Moving Backward,Not a Pedestrian,Poor road conditions,2
18-30,Male,Junior high school,Employee,1-2yr,Two-way (divided with broken lines road marking),No junction,Asphalt roads,Darkness - no lights,Clear,Vehicle with vehicle collision,Going straight,Not a Pedestrian,Running red light,2
Over 51,Male,Junior high school,Employee,Below 1yr,Two-way (divided with broken lines road marking),No junction,Asphalt roads,Daylight,Rainy,Vehicle with vehicle collision,Going straight,Not a Pedestrian,Poor road conditions,1
31-50,Male,Elementary school,Owner,5-10yr,Undivided Two way,Y Shape,Asphalt roads,Daylight,Rainy,Vehicle with vehicle collision,Other,Not a Pedestrian,Overtaking,0
18-30,Female,Junior high school,Employee,1-2yr,Two-way (divided with broken lines road marking),T Shape,Asphalt roads,Daylight,Rainy,Vehicle with vehicle collision,Going straight,Crossing from nearside - masked by parked or statioNot a Pedestrianry vehicle,Sudden lane change,2
31-50,Male,Junior high school,Employee,Above 10yr,Undivided Two way,No junction,Asphalt roads,Darkness - lights lit,Windy,Rollover,Turnover,Not a Pedestrian,Brake failure,2
31-50,Male,Junior high school,Employee,5-10yr,Undivided Two way,No junction,Asphalt roads,Daylight,Clear,Collision with roadside objects,Going straight,Not a Pedestrian,Speeding,0
Over 51,Male,Above high school,Owner,5-10yr,Two-way (divided with broken lines road marking),No junction,Asphalt roads,Daylight,Foggy,Fall from vehicles,Going straight,Not a Pedestrian,Sudden lane change,2
Over 51,Male,High school,Employee,2-5yr,Undivided Two way,No junction,Asphalt roads,Daylight,Foggy,Collision with pedestrians,Going straight,Not a Pedestrian,Overtaking,0
Over 51,Male,Junior high school,Employee,5-10yr,Two-way (divided with broken lines road marking),No junction,Asphalt roads,Daylight,Clear,Vehicle with vehicle collision,Going straight,Not a Pedestrian,Speeding,1
31-50,Male,Junior high school,Employee,Above 10yr,Two-way (divided with broken lines road marking),Other,Asphalt roads,Daylight,Rainy,Rollover,Going straight,Not a Pedestrian,Speeding,2
Under 18,Male,Elementary school,Employee,Above 10yr,Double carriageway (median),Other,Asphalt roads,Daylight,Clear,Vehicle with vehicle collision,Overtaking,Not a Pedestrian,Brake failure,1
18-30,Male,Above high school,Employee,2-5yr,Undivided Two way,Crossing,Asphalt roads,Dusk,Rainy,Vehicle with vehicle collision,Moving Backward,Not a Pedestrian,Drunk driving,2
18-30,Male,High school,Employee,1-2yr,Two-way (divided with broken lines road marking),Y Shape,Asphalt roads,Daylight,Foggy,Vehicle with vehicle collision,Going straight,Not a Pedestrian,Distraction,1
18-30,Male,High school,Owner,2-5yr,Undivided Two way,No junction,Asphalt roads,Daylight,Stormy,Vehicle with vehicle collision,Other,Not a Pedestrian,Overtaking,2
Over 51,Male,Junior high school,Owner,5-10yr,Undivided Two way,Y Shape,Asphalt roads,Daylight,Rainy,Collision with animals,Going straight,Not a Pedestrian,Distraction,2
18-30,Male,Junior high school,Employee,2-5yr,Two-way (divided with broken lines road marking),Crossing,Earth roads,Daylight,Clear,Vehicle with vehicle collision,Reversing,Not a Pedestrian,Overtaking,2
31-50,Male,Junior high school,Employee,5-10yr,Two-way (divided with broken lines road marking),Crossing,Asphalt roads,Dawn,Foggy,Vehicle with vehicle collision,Going straight,Not a Pedestrian,Pedestrian jaywalking,2
Over 51,Male,Junior high school,Owner,1-2yr,Two-way (divided with broken lines road marking),Y Shape,Asphalt roads,Daylight,Windy,Vehicle with vehicle collision,Going straight,Not a Pedestrian,Distraction,1
18-30,Male,Junior high school,Employee,2-5yr,Undivided Two way,Y Shape,Asphalt roads,Daylight,Windy,Rollover,Going straight,Not a Pedestrian,Sudden lane change,2
31-50,Male,Elementary school,Owner,5-10yr,Undivided Two way,Crossing,Asphalt roads,Dusk,Rainy,Vehicle with vehicle collision,Going straight,Not a Pedestrian,Sudden lane change,1
18-30,Male,Junior high school,Employee,1-2yr,Two-way (divided with broken lines road marking),Y Shape,Asphalt roads,Dusk,Clear,Collision with roadside objects,Going straight,Not a Pedestrian,Poor road conditions,2
18-30,Male,Junior high school,Employee,1-2yr,Undivided Two way,Y Shape,Asphalt roads,Daylight,Clear,Vehicle with vehicle collision,Going straight,Not a Pedestrian,Distraction,0
Over 51,Male,Junior high school,Employee,2-5yr,Two-way (divided with broken lines road marking),Y Shape,Asphalt roads,Daylight,Clear,Vehicle with vehicle collision,Moving Backward,Not a Pedestrian,Brake failure,1
31-50,Male,Junior high school,Employee,Above 10yr,Undivided Two way,No junction,Asphalt roads,Darkness - lights lit,Clear,Vehicle with vehicle collision,Other,Not a Pedestrian,Sudden lane change,2
Under 18,Male,Elementary school,Employee,5-10yr,other,No junction,Asphalt roads,Daylight,Clear,Vehicle with vehicle collision,Reversing,Not a Pedestrian,Overtaking,2
18-30,Male,Junior high school,Employee,1-2yr,One way,Y Shape,Asphalt roads,Dusk,Stormy,Vehicle with vehicle collision,Going straight,Not a Pedestrian,Overtaking,1
18-30,Male,Junior high school,Employee,2-5yr,Double carriageway (median),No junction,Asphalt roads,Daylight,Stormy,Collision with roadside objects,Moving Backward,Not a Pedestrian,Pedestrian jaywalking,0
18-30,Male,High school,Owner,2-5yr,Undivided Two way,Y Shape,Asphalt roads,Dusk,Windy,Vehicle with vehicle collision,Going straight,Not a Pedestrian,Overtaking,2
Over 51,Male,Junior high school,Employee,5-10yr,Undivided Two way,Y Shape,Asphalt roads,Darkness - no lights,Clear,Vehicle with vehicle collision,Going straight,Not a Pedestrian,Brake failure,2
Under 18,Male,Junior high school,Employee,Above 10yr,other,No junction,Earth roads,Dawn,Clear,Vehicle with vehicle collision,Overtaking,Not a Pedestrian,Sudden lane change,0
18-30,Male,Junior high school,Owner,2-5yr,Two-way (divided with broken lines road marking),Y Shape,Asphalt roads,Daylight,Clear,Vehicle with vehicle collision,Turnover,Not a Pedestrian,Sudden lane change,1
18-30,Male,Junior high school,Owner,2-5yr,Two-way (divided with broken lines road marking),No junction,Asphalt roads,Dusk,Rainy,Vehicle with vehicle collision,Going straight,Not a Pedestrian,Distraction,2
18-30,Male,Junior high school,Employee,1-2yr,Undivided Two way,Y Shape,Asphalt roads,Dawn,Clear,Collision with roadside objects,Turnover,Not a Pedestrian,Sudden lane change,0
18-30,Male,Elementary school,Employee,1-2yr,Two-way (divided with broken lines road marking),Y Shape,Asphalt roads,Daylight,Rainy,Vehicle with vehicle collision,Going straight,Not a Pedestrian,Sudden lane change,2
31-50,Male,Junior high school,Employee,Above 10yr,Two-way (divided with broken lines road marking),No junction,Asphalt roads,Daylight,Foggy,Vehicle with vehicle collision,Going straight,Not a Pedestrian,Brake failure,2
18-30,Male,Elementary school,Owner,1-2yr,Two-way (divided with broken lines road marking),No junction,Asphalt roads,Darkness - lights lit,Rainy,Vehicle with vehicle collision,Going straight,Not a Pedestrian,Speeding,2
18-30,Male,Junior high school,Employee,2-5yr,Undivided Two way,No junction,Asphalt roads,Darkness - lights lit,Clear,Vehicle with vehicle collision,Entering a junction,Not a Pedestrian,Speeding,2
18-30,Male,Junior high school,Employee,1-2yr,Two-way (divided with broken lines road marking),Y Shape,Asphalt roads,Darkness - no lights,Clear,Vehicle with vehicle collision,Waiting to go,Not a Pedestrian,Distraction,0
18-30,Male,Junior high school,Employee,2-5yr,Undivided Two way,Y Shape,Asphalt roads,Darkness - lights lit,Clear,Vehicle with vehicle collision,Going straight,Not a Pedestrian,Brake failure,2
Over 51,Male,Junior high school,Employee,Above 10yr,Undivided Two way,Y Shape,Asphalt roads,Darkness - lights lit,Rainy,Vehicle with vehicle collision,Going straight,Not a Pedestrian,Drunk driving,0
18-30,Male,Above high school,Employee,1-2yr,Two-way (divided with broken lines road marking),No junction,Asphalt roads,Dawn,Rainy,Collision with pedestrians,Going straight,Not a Pedestrian,Brake failure,1
18-30,Male,Junior high school,Employee,2-5yr,Two-way (divided with broken lines road marking),Crossing,Asphalt roads,Daylight,Rainy,Vehicle with vehicle collision,Moving Backward,"In carriageway, statioNot a Pedestrianry - not crossing  (standing or playing)",Drunk driving,2
18-30,Male,Elementary school,Employee,2-5yr,Two-way (divided with solid lines road marking),Y Shape,Asphalt roads,Darkness - lights lit,Clear,Vehicle with vehicle collision,Going straight,Not a Pedestrian,Speeding,2
18-30,Male,Junior high school,Employee,1-2yr,Undivided Two way,Crossing,Asphalt roads,Daylight,Clear,Vehicle with vehicle collision,Going straight,Not a Pedestrian,Brake failure,0
18-30,Male,Writing & reading,Employee,1-2yr,Two-way (divided with broken lines road marking),Y Shape,Asphalt roads,Darkness - no lights,Clear,Vehicle with vehicle collision,Going straight,Not a Pedestrian,Running red light,0
31-50,Male,Elementary school,Employee,5-10yr,Two-way (divided with broken lines road marking),No junction,Asphalt roads,Dawn,Stormy,Vehicle with vehicle collision,Going straight,Not a Pedestrian,Speeding,1
Over 51,Male,Junior high school,Employee,5-10yr,Undivided Two way,No junction,Asphalt roads,Darkness - lights lit,Rainy,Vehicle with vehicle collision,Going straight,Not a Pedestrian,Overtaking,0
18-30,Female,Above high school,Owner,2-5yr,Undivided Two way,Y Shape,Asphalt roads,Daylight,Clear,Collision with roadside objects,Going straight,Not a Pedestrian,Overtaking,0
18-30,Male,Above high school,Owner,2-5yr,Undivided Two way,Y Shape,Asphalt roads,Daylight,Clear,Vehicle with vehicle collision,Going straight,Not a Pedestrian,Overtaking,0
31-50,Male,Junior high school,Owner,Above 10yr,Two-way (divided with broken lines road marking),Y Shape,Asphalt roads,Daylight,Clear,Collision with roadside objects,Going straight,Not a Pedestrian,Drunk driving,2
18-30,Male,Junior high school,Employee,1-2yr,Double carriageway (median),Crossing,Earth roads,Dawn,Stormy,Collision with pedestrians,Going straight,Not a Pedestrian,Pedestrian jaywalking,1
Over 51,Male,Junior high school,Employee,2-5yr,One way,Y Shape,Asphalt roads,Daylight,Foggy,Vehicle with vehicle collision,Going straight,Not a Pedestrian,Drunk driving,2
Over 51,Male,Elementary school,Employee,5-10yr,other,Y Shape,Asphalt roads,Darkness - no lights,Clear,Vehicle with vehicle collision,Going straight,Not a Pedestrian,Distraction,2
Over 51,Male,Junior high school,Employee,1-2yr,Two-way (divided with broken lines road marking),No junction,Asphalt roads,Daylight,Rainy,Vehicle with vehicle collision,Reversing,Not a Pedestrian,Sudden lane change,0
18-30,Male,Junior high school,Employee,2-5yr,Two-way (divided with broken lines road marking),No junction,Asphalt roads,Dawn,Clear,Vehicle with vehicle collision,Moving Backward,Not a Pedestrian,Poor road conditions,2
Over 51,Male,Junior high school,Employee,5-10yr,Two-way (divided with broken lines road marking),Y Shape,Asphalt roads,Dusk,Clear,Vehicle with vehicle collision,Going straight,Crossing from nearside - masked by parked or statioNot a Pedestrianry vehicle,Overtaking,2
Over 51,Male,Elementary school,Employee,5-10yr,Two-way (divided with broken lines road marking),Crossing,Asphalt roads,Dawn,Clear,Collision with pedestrians,Going straight,Not a Pedestrian,Running red light,0
Over 51,Male,Junior high school,Owner,1-2yr,Undivided Two way,Y Shape,Asphalt roads,Daylight,Rainy,Collision with roadside objects,Going straight,Not a Pedestrian,Speeding,2
18-30,Male,Junior high school,Employee,1-2yr,Two-way (divided with broken lines road marking),Y Shape,Asphalt roads,Daylight,Clear,Collision with pedestrians,Going straight,Not a Pedestrian,Speeding,2
Over 51,Male,Elementary school,Employee,5-10yr,Two-way (divided with broken lines road marking),Crossing,Asphalt roads,Daylight,Clear,Collision with pedestrians,Going straight,Not a Pedestrian,Distraction,0
18-30,Male,High school,Employee,2-5yr,Undivided Two way,No junction,Asphalt roads,Dawn,Clear,Vehicle with vehicle collision,Going straight,Not a Pedestrian,Running red light,2
Over 51,Male,Above high school,Employee,1-2yr,other,No junction,Asphalt roads,Daylight,Clear,Vehicle with vehicle collision,Moving Backward,Not a Pedestrian,Speeding,2
18-30,Male,Elementary school,Employee,2-5yr,Two-way (divided with broken lines road marking),Y Shape,Asphalt roads,Darkness - no lights,Foggy,Vehicle with vehicle collision,Going straight,Not a Pedestrian,Running red light,2
31-50,Male,Junior high school,Employee,Above 10yr,Two-way (divided with solid lines road marking),No junction,Asphalt roads,Daylight,Foggy,Vehicle with vehicle collision,Going straight,Not a Pedestrian,Poor road conditions,1
31-50,Male,Junior high school,Employee,Above 10yr,Two-way (divided with broken lines road marking),Crossing,Asphalt roads,Dusk,Clear,Rollover,Reversing,Not a Pedestrian,Brake failure,2
18-30,Male,Junior high school,Employee,1-2yr,Double carriageway (median),Y Shape,Asphalt roads,Daylight,Clear,Vehicle with vehicle collision,Going straight,Not a Pedestrian,Speeding,1
31-50,Male,Elementary school,Employee,Above 10yr,Two-way (divided with broken lines road marking),No junction,Asphalt roads,Daylight,Windy,Vehicle with vehicle collision,Going straight,Not a Pedestrian,Drunk driving,2
18-30,Male,Junior high school,Employee,1-2yr,Two-way (divided with broken lines road marking),No junction,Asphalt roads,Dusk,Stormy,Collision with roadside objects,Going straight,Crossing from nearside - masked by parked or statioNot a Pedestrianry vehicle,Brake failure,0
18-30,Male,Junior high school,Employee,2-5yr,Undivided Two way,Y Shape,Other,Daylight,Rainy,Collision with roadside objects,Going straight,Not a Pedestrian,Pedestrian jaywalking,2
31-50,Male,Junior high school,Owner,Above 10yr,Undivided Two way,No junction,Gravel roads,Daylight,Clear,Vehicle with vehicle collision,Going straight,Not a Pedestrian,Sudden lane change,2
18-30,Male,Junior high school,Employee,1-2yr,Undivided Two way,No junction,Asphalt roads,Darkness - lights lit,Clear,Vehicle with vehicle collision,Going straight,Not a Pedestrian,Overtaking,0
31-50,Male,High school,Employee,Above 10yr,Two-way (divided with broken lines road marking),Y Shape,Asphalt roads,Dusk,Clear,Vehicle with vehicle collision,Going straight,Unknown or other,Sudden lane change,0
18-30,Male,High school,Employee,1-2yr,Undivided Two way,No junction,Asphalt roads,Dawn,Clear,Vehicle with vehicle collision,Going straight,Not a Pedestrian,Poor road conditions,0
18-30,Male,Elementary school,Owner,2-5yr,Undivided Two way,Crossing,Asphalt roads,Daylight,Rainy,Vehicle with vehicle collision,Going straight,Not a Pedestrian,Poor road conditions,0
18-30,Male,Junior high school,Employee,2-5yr,Undivided Two way,Y Shape,Asphalt roads,Dusk,Clear,Vehicle with vehicle collision,Moving Backward,Not a Pedestrian,Speeding,1
Over 51,Male,Junior high school,Employee,1-2yr,other,Y Shape,Asphalt roads,Darkness - lights lit,Foggy,Vehicle with vehicle collision,Going straight,Not a Pedestrian,Pedestrian jaywalking,1
18-30,Male,Junior high school,Employee,2-5yr,Undivided Two way,No junction,Asphalt roads,Daylight,Windy,Vehicle with vehicle collision,Going straight,Not a Pedestrian,Drunk driving,2
18-30,Male,Junior high school,Owner,1-2yr,Undivided Two way,Y Shape,Asphalt roads,Daylight,Clear,Vehicle with vehicle collision,Going straight,Not a Pedestrian,Distraction,2
18-30,Male,Elementary school,Employee,2-5yr,Undivided Two way,Y Shape,Asphalt roads,Darkness - lights lit,Stormy,Vehicle with vehicle collision,Getting off,Not a Pedestrian,Distraction,2
18-30,Male,Junior high school,Employee,2-5yr,Two-way (divided with broken lines road marking),Y Shape,Asphalt roads,Daylight,Rainy,Vehicle with vehicle collision,Waiting to go,Not a Pedestrian,Poor road conditions,0
18-30,Male,Junior high school,Employee,2-5yr,One way,Crossing,Earth roads,Darkness - no lights,Clear,Vehicle with vehicle collision,Entering a junction,Not a Pedestrian,Brake failure,2
18-30,Male,Junior high school,Employee,1-2yr,Double carriageway (median),Y Shape,Asphalt roads,Darkness - lights lit,Foggy,Collision with roadside objects,Going straight,Not a Pedestrian,Overtaking,0
31-50,Male,Above high school,Employee,Above 10yr,Undivided Two way,No junction,Earth roads,Daylight,Rainy,Collision with pedestrians,Going straight,Not a Pedestrian,Overtaking,0
18-30,Male,Junior high school,Employee,2-5yr,Undivided Two way,Y Shape,Asphalt roads,Daylight,Foggy,Vehicle with vehicle collision,Going straight,Not a Pedestrian,Overtaking,2
18-30,Male,Junior high school,Employee,1-2yr,One way,Y Shape,Asphalt roads,Daylight,Clear,Vehicle with vehicle collision,Going straight,Not a Pedestrian,Brake failure,2
18-30,Female,Junior high school,Employee,1-2yr,Undivided Two way,Y Shape,Asphalt roads,Darkness - no lights,Rainy,Vehicle with vehicle collision,Going straight,Not a Pedestrian,Sudden lane change,2
Over 51,Male,Junior high school,Employee,Above 10yr,Undivided Two way,X Shape,Asphalt roads,Daylight,Rainy,Vehicle with vehicle collision,Going straight,Not a Pedestrian,Pedestrian jaywalking,2
Over 51,Male,Elementary school,Employee,5-10yr,Two-way (divided with broken lines road marking),Y Shape,Asphalt roads,Dawn,Foggy,Vehicle with vehicle collision,Reversing,Not a Pedestrian,Brake failure,1
18-30,Male,Elementary school,Employee,2-5yr,other,No junction,Asphalt roads,Daylight,Windy,Vehicle with vehicle collision,Entering a junction,Not a Pedestrian,Brake failure,0
18-30,Male,Elementary school,Employee,1-2yr,Double carriageway (median),Y Shape,Asphalt roads,Darkness - lights lit,Clear,Vehicle with vehicle collision,Overtaking,Not a Pedestrian,Poor road conditions,0
18-30,Male,Junior high school,Employee,2-5yr,other,Y Shape,Asphalt roads,Darkness - no lights,Foggy,Vehicle with vehicle collision,Going straight,Not a Pedestrian,Drunk driving,2
31-50,Male,Junior high school,Employee,5-10yr,Double carriageway (median),Y Shape,Asphalt roads,Dawn,Clear,Vehicle with vehicle collision,Going straight,Not a Pedestrian,Drunk driving,1
31-50,Male,Junior high school,Employee,Above 10yr,Two-way (divided with broken lines road marking),No junction,Asphalt roads,Daylight,Clear,Collision with pedestrians,Going straight,Not a Pedestrian,Brake failure,0
18-30,Male,Junior high school,Employee,1-2yr,Undivided Two way,No junction,Asphalt roads,Daylight,Stormy,Vehicle with vehicle collision,Going straight,Crossing from nearside - masked by parked or statioNot a Pedestrianry vehicle,Drunk driving,1
Under 18,Male,Junior high school,Employee,5-10yr,Two-way (divided with broken lines road marking),Y Shape,Asphalt roads,Daylight,Foggy,Vehicle with vehicle collision,Going straight,Not a Pedestrian,Speeding,2
31-50,Male,Junior high school,Employee,5-10yr,Undivided Two way,No junction,Asphalt roads,Darkness - no lights,Clear,Vehicle with vehicle collision,Going straight,Not a Pedestrian,Brake failure,0
Over 51,Male,Elementary school,Owner,Above 10yr,other,No junction,Asphalt roads,Daylight,Clear,Vehicle with vehicle collision,Going straight,Not a Pedestrian,Sudden lane change,1
18-30,Male,Junior high school,Employee,2-5yr,Undivided Two way,No junction,Asphalt roads,Daylight,Clear,Vehicle with vehicle collision,Going straight,Not a Pedestrian,Overtaking,1
31-50,Male,Elementary school,Employee,5-10yr,Undivided Two way,No junction,Asphalt roads,Daylight,Clear,Collision with pedestrians,Stopping,"In carriageway, statioNot a Pedestrianry - not crossing  (standing or playing)",Running red light,1
18-30,Male,Elementary school,Employee,1-2yr,Undivided Two way,Y Shape,Asphalt roads,Darkness - lights lit,Clear,Vehicle with vehicle collision,Going straight,Not a Pedestrian,Drunk driving,2
18-30,Male,Junior high school,Employee,2-5yr,Two-way (divided with broken lines road marking),Crossing,Asphalt roads,Darkness - lights lit,Clear,Vehicle with vehicle collision,Going straight,Not a Pedestrian,Brake failure,2
Under 18,Male,Junior high school,Owner,Below 1yr,Two-way (divided with broken lines road marking),No junction,Asphalt roads,Daylight,Foggy,Collision with roadside objects,Going straight,Not a Pedestrian,Brake failure,0
18-30,Male,Junior high school,Employee,2-5yr,Undivided Two way,No junction,Asphalt roads,Daylight,Clear,Vehicle with vehicle collision,Going straight,Not a Pedestrian,Distraction,0
18-30,Male,Above high school,Employee,1-2yr,Undivided Two way,Crossing,Asphalt roads,Daylight,Foggy,Collision with roadside objects,Going straight,Not a Pedestrian,Pedestrian jaywalking,1
18-30,Male,Junior high school,Employee,2-5yr,One way,Y Shape,Asphalt roads,Darkness - lights lit,Foggy,Collision with roadside objects,Other,Not a Pedestrian,Running red light,1
18-30,Male,Junior high school,Employee,1-2yr,Undivided Two way,Y Shape,Gravel roads,Daylight,Clear,Vehicle with vehicle collision,Entering a junction,Crossing from nearside - masked by parked or statioNot a Pedestrianry vehicle,Drunk driving,2
31-50,Male,High school,Owner,Above 10yr,Undivided Two way,Y Shape,Asphalt roads,Dawn,Clear,Collision with roadside objects,Going straight,Not a Pedestrian,Speeding,1
Over 51,Male,Junior high school,Owner,2-5yr,Undivided Two way,Other,Asphalt roads,Darkness - lights lit,Rainy,Vehicle with vehicle collision,Going straight,Not a Pedestrian,Overtaking,1
18-30,Male,Junior high school,Owner,1-2yr,Two-way (divided with broken lines road marking),No junction,Asphalt roads,Darkness - lights lit,Clear,Collision with roadside objects,Moving Backward,Unknown or other,Poor road conditions,0
31-50,Male,Junior high school,Employee,Above 10yr,other,Y Shape,Asphalt roads,Daylight,Rainy,Vehicle with vehicle collision,Going straight,Not a Pedestrian,Pedestrian jaywalking,2
31-50,Male,Elementary school,Employee,Above 10yr,Undivided Two way,Y Shape,Asphalt roads,Darkness - lights lit,Clear,Vehicle with vehicle collision,Going straight,Not a Pedestrian,Drunk driving,2
18-30,Male,Junior high school,Owner,2-5yr,Two-way (divided with broken lines road marking),No junction,Asphalt roads,Daylight,Windy,Collision with roadside objects,Moving Backward,Not a Pedestrian,Overtaking,0
Over 51,Male,Junior high school,Employee,Below 1yr,Two-way (divided with broken lines road marking),No junction,Asphalt roads,Darkness - no lights,Clear,Vehicle with vehicle collision,Going straight,Not a Pedestrian,Distraction,1
31-50,Male,Junior high school,Employee,5-10yr,Undivided Two way,Y Shape,Asphalt roads,Daylight,Clear,Rollover,Going straight,Not a Pedestrian,Pedestrian jaywalking,0
31-50,Male,Junior high school,Employee,Above 10yr,Two-way (divided with broken lines road marking),Crossing,Asphalt roads,Darkness - lights lit,Clear,Vehicle with vehicle collision,Going straight,Not a Pedestrian,Distraction,2
18-30,Male,Junior high school,Employee,1-2yr,Two-way (divided with broken lines road marking),Crossing,Asphalt roads,Darkness - no lights,Clear,Vehicle with vehicle collision,Getting off,Not a Pedestrian,Speeding,2
18-30,Female,Writing & reading,Owner,1-2yr,Two-way (divided with broken lines road marking),Y Shape,Earth roads,Daylight,Clear,Vehicle with vehicle collision,Going straight,Not a Pedestrian,Drunk driving,2
18-30,Female,Junior high school,Employee,1-2yr,Undivided Two way,No junction,Asphalt roads,Daylight,Foggy,Vehicle with vehicle collision,Turnover,Not a Pedestrian,Overtaking,2
18-30,Male,Elementary school,Employee,2-5yr,Undivided Two way,Y Shape,Asphalt roads,Dawn,Clear,Collision with roadside objects,Going straight,Not a Pedestrian,Sudden lane change,1
18-30,Male,Elementary school,Employee,1-2yr,other,No junction,Asphalt roads,Darkness - no lights,Clear,Vehicle with vehicle collision,Moving Backward,Not a Pedestrian,Pedestrian jaywalking,1
18-30,Male,Junior high school,Owner,1-2yr,Undivided Two way,Crossing,Asphalt roads,Daylight,Rainy,Vehicle with vehicle collision,Going straight,Not a Pedestrian,Running red light,0
31-50,Male,Junior high school,Employee,5-10yr,Undivided Two way,Crossing,Asphalt roads,Darkness - lights lit,Rainy,Vehicle with vehicle collision,Going straight,Not a Pedestrian,Overtaking,2
31-50,Male,Junior high school,Employee,Above 10yr,One way,Crossing,Asphalt roads,Dusk,Clear,Vehicle with vehicle collision,Other,Not a Pedestrian,Speeding,2
31-50,Male,Junior high school,Employee,Above 10yr,Double carriageway (median),Y Shape,Asphalt roads,Daylight,Rainy,Vehicle with vehicle collision,Going straight,Unknown or other,Speeding,2
Under 18,Male,Elementary school,Other,5-10yr,Undivided Two way,Crossing,Asphalt roads,Darkness - no lights,Clear,Vehicle with vehicle collision,Other,Not a Pedestrian,Poor road conditions,1
18-30,Male,Junior high school,Employee,2-5yr,Two-way (divided with broken lines road marking),Y Shape,Gravel roads,Daylight,Clear,Collision with roadside objects,Going straight,Crossing from nearside - masked by parked or statioNot a Pedestrianry vehicle,Brake failure,1
31-50,Male,Junior high school,Employee,5-10yr,Two-way (divided with broken lines road marking),No junction,Gravel roads,Daylight,Rainy,Vehicle with vehicle collision,Going straight,Not a Pedestrian,Pedestrian jaywalking,2
31-50,Male,Junior high school,Employee,Above 10yr,Undivided Two way,No junction,Asphalt roads,Darkness - lights lit,Clear,Vehicle with vehicle collision,Going straight,Not a Pedestrian,Sudden lane change,2
31-50,Male,Junior high school,Employee,5-10yr,Undivided Two way,No junction,Asphalt roads,Dawn,Clear,Vehicle with vehicle collision,Going straight,Not a Pedestrian,Distraction,1
18-30,Male,Junior high school,Owner,1-2yr,Two-way (divided with broken lines road marking),No junction,Asphalt roads,Daylight,Clear,Rollover,Going straight,Not a Pedestrian,Running red light,2
31-50,Male,Junior high school,Owner,5-10yr,other,Y Shape,Asphalt roads,Darkness - no lights,Rainy,Vehicle with vehicle collision,Moving Backward,Not a Pedestrian,Brake failure,1